Country,Population_Below_Poverty_National_Year,Population_Below_Poverty_National,Population_Below_Poverty_Rural,Population_Below_Poverty_Urban,Poverty_Gap_Year,Reference_Year,World_Bank_Estimate,Income_Lowest_10,Income_Lowest_20,Income_Second_20,Income_Third_20,Income_Fourth_20,Income_Highest_20,Income_Highest_10,Baseline_Year,Recent_Year,Annualized_Growth_Bottom_40,Annualized_Growth_Total_Population,Mean_Consumption_Bottom_40_Baseline,Mean_Consumption_Bottom_40_Most_Recent,Mean_Consumption_Total_Population_Baseline,Mean_Consumption_Total_Population_Most_Recent
Eritrea,1993,69,0.3,0.5,2017,,,,,,,,,,,,,,,,,
Equatorial Guinea,2006,76.8,,,,2018,38.6,2.4,6.2,10.9,15.5,22.1,45.3,29.4,2013,2018,4,1.8,3.8,4.7,10,10.9
Kiribati,2006,21.8,0.2,0.5,2012,2012,31.6,2.6,7.3,13,17.5,23.2,39,23.8,,,,,,,,
Palau,2006,24.9,1.4,5.8,2018,2018,42.8,1.8,4.9,9.9,14.8,22,48.3,32.1,2013,2018,1.6,0.3,5.6,6,17.2,17.5
Syrian Arab Republic,2007,35.2,4.1,17.8,2015,2018,36.4,3,7.2,11.1,15.5,22.2,44,28.2,,,,,,,,
Central African Republic,2008,62,38.1,66.3,2011,2011,43.3,1.8,4.9,9.7,14.8,21.8,48.8,32.4,,,,,,,,
Botswana,2009,19.3,14.5,36.5,2015,2015,53.3,1.5,3.9,7,11.1,19.5,58.5,41.5,2009,2015,0.4,-3.3,2.1,2.2,9.9,8
Papua New Guinea,2009,39.9,6,25.8,2015,2017,29.7,3.2,8.3,13.4,17.5,22.6,38.2,23.5,2012,2015,5.1,2.6,2.4,2.8,7,7.5
Sudan,2009,46.5,0.2,0.3,2017,2017,32.7,3.1,7.7,12.5,16.7,22.4,40.6,25.5,2012,2017,1.4,2,28.2,30.2,50,55.1
Tonga,2009,22.5,3.2,12.5,1992,2018,41.9,2.2,5.8,10.1,14.5,21.1,48.5,32.6,,,,,,,,
Guinea-Bissau,2010,69.3,24.5,50.3,2012,1998,44.6,1.5,4.5,9.7,14.7,21.5,49.6,34.1,,,,,,,,
Nepal,2010,25.2,,,,2014,46.2,2,5.1,9.2,13.7,20,52,37.2,,,,,,,,
Tuvalu,2010,26.3,3.3,17.6,2010,2018,26.1,4.2,9.9,14.1,17.8,22.3,36.1,22,,,,,,,,
Vanuatu,2010,12.7,13.2,39.4,2010,2018,35.7,2.5,6.7,11.9,16.3,22.3,42.9,27.5,,,,,,,,
Algeria,2011,5.5,0.4,3.7,2011,2011,27.6,4,9.4,13.7,17.5,22.3,37.2,22.9,,,,,,,,
"Congo, Rep.",2011,40.9,1.5,3.7,2018,2012,42.1,2.1,5.5,10,14.5,21.6,48.4,32,,,,,,,,
India,2011,21.9,0.3,2.7,2017,2017,40.8,2.3,5.9,10.3,14.8,21.7,47.3,31.3,2014,2018,5.1,4.9,2.5,3.1,5.7,6.9
Senegal,2011,46.7,43,76,2018,,,,,,,,,,2011,2018,2.7,2.9,1.1,1.4,2.3,2.8
Albania,2012,14.3,1.3,8.2,2017,2017,33.2,3.1,7.5,12,16.5,23.3,40.7,24.8,2014,2017,2.5,0.8,3.9,4.2,8.4,8.6
Azerbaijan,2012,6,0,0,2005,2005,26.6,4.8,10.8,13.9,16.6,20.9,37.8,24.2,,,,,,,,
Cambodia,2012,17.7,26,47,2014,2017,33.3,2.7,7.1,12.4,17,22.9,40.6,25.3,,,,,,,,
"Congo, Dem. Rep.",2012,63.9,38.2,62.6,2011,2014,45.3,1.6,4.5,9.1,13.9,22.2,50.4,33.7,,,,,,,,
Haiti,2012,58.5,,,,2018,52.1,0.9,3,7.4,12.7,20.8,56.1,39.1,,,,,,,,
Iraq,2012,18.9,,,,,,,,,,,,,2011,2016,3.4,3.1,21.2,25.2,42.3,49.2
Jamaica,2012,19.9,0.1,2,2010,2010,33.7,3.5,8.2,12.1,15.8,21.5,42.4,27.5,,,,,,,,
Lebanon,2012,27.4,44.4,75.6,2016,2016,35.3,2.9,7.2,11.6,16,22.3,42.8,27.1,,,,,,,,
Madagascar,2012,70.7,0,0.2,2015,2016,31.3,3.4,8.3,12.9,16.9,22.1,39.8,25.2,2015,2016,8.3,6,11.1,11.1,28,28
Burundi,2013,64.9,3.4,15.4,2015,,,,,,,,,,,,,,,,,
Comoros,2013,42.4,77.2,91.4,2012,2018,50.4,1.4,4,8.1,12.6,19.9,55.4,39.7,2013,2018,2.3,0.4,3.8,4.3,14,14.3
Fiji,2013,34,0,0,2017,2013,36.7,3.1,7.5,11.3,15.2,21.3,44.7,29.7,,,,,,,,
"Micronesia, Fed. Sts.",2013,41.2,,,,2018,32.7,3.3,7.9,12.3,16.5,22.5,40.9,25.7,,,,,,,,
Morocco,2013,4.8,1.4,15,2017,2015,59.1,1,2.8,5.8,9.8,17.9,63.7,47.3,,,,,,,,
Samoa,2013,20.3,,,,2011,40.3,2.3,6.1,10.4,15,21.7,46.9,31,,,,,,,,
Seychelles,2013,39.3,,,,2016,25.2,2.9,8.7,15.1,19,23.2,34,19.9,,,,,,,,
Solomon Islands,2013,12.7,44.7,67,2009,2017,34.7,2.1,6.2,12.2,17.2,23.4,41,25.4,,,,,,,,
Uzbekistan,2013,14.1,61.6,86.2,2003,2006,46.9,0.5,3.2,9.2,14.5,22.3,50.7,34.1,,,,,,,,
Cameroon,2014,37.5,0.2,0.5,2017,2015,42.4,2.2,5.7,9.7,14.3,21.6,48.7,32.3,2013,2017,1.6,1,27.7,29.5,58.1,60.4
Guatemala,2014,59.3,68.4,85.4,2010,2012,33.7,3,7.6,12.2,16.4,22.4,41.5,26.4,,,,,,,,
Mauritania,2014,31,1.7,6.5,2018,2013,40.1,1.9,5.5,10.7,15.3,22.5,46,29.7,,,,,,,,
Mozambique,2014,46.1,13.8,30.3,2015,2010,32.8,3.5,8.3,12.1,16.2,21.9,41.5,26.4,2009,2015,5.7,6.6,1.7,2.4,7.6,11
South Africa,2014,55.5,0.9,10.8,2016,,,,,,,,,,2012,2016,4.2,4.7,3.3,3.8,7.4,8.7
Timor-Leste,2014,41.8,51.1,74.2,2015,,,,,,,,,,2011,2015,2.6,0.6,0.9,1,2.6,2.6
"Yemen, Rep.",2014,48.6,18.3,51.2,2014,2017,44.3,2.5,6,9.1,13.2,20.6,51.1,34.8,,,,,,,,
Bosnia and Herzegovina,2015,16.9,0.1,0.7,2011,2011,33,2.9,7.5,12.3,16.7,22.9,40.7,25.1,,,,,,,,
Cabo Verde,2015,35,,,,2014,46.6,1.7,4.5,8.5,13.7,21.6,51.7,35,,,,,,,,
Ethiopia,2015,23.5,0.5,7.5,2013,2015,35,2.9,7.3,12.1,16.3,21.2,43,28.5,2010,2015,0.4,1.6,1.5,1.5,2.8,3
"Gambia, The",2015,48.6,0,0.2,2016,2015,35.9,3,7.4,11.6,15.7,21.8,43.6,28.7,,,,,,,,
Kenya,2015,36.1,,,,,,,,,,,,,,,,,,,,
Kosovo,2015,17.6,0.6,10.9,2018,2018,27.7,4.3,9.9,13.5,17,21.8,37.8,23.6,,,,,,,,
Namibia,2015,17.4,0.2,0.3,2017,,,,,,,,,,2012,2017,1.5,1.9,27.9,30.1,48.9,53.7
Pakistan,2015,24.3,38,65.6,2009,2018,46.2,1.7,4.7,9.2,13.6,20.9,51.7,35.9,,,,,,,,
Philippines,2015,21.6,,,,,,,,,,,,,,,,,,,,
Togo,2015,55.1,1,7.5,2015,2015,32.8,3.2,7.8,12.3,16.5,22.5,40.9,25.6,,,,,,,,
Tunisia,2015,15.2,0,1.4,2018,,,,,,,,,,2013,2018,2.1,2.7,7.1,7.9,17.5,19.9
"Venezuela, RB",2015,33.1,10.3,18.1,2006,,,,,,,,,,,,,,,,,
Zambia,2015,54.4,58.7,75.4,2015,,,,,,,,,,2010,2015,-0.6,2.9,0.7,0.6,2.5,2.9
Afghanistan,2016,54.5,,,,,,,,,,,,,,,,,,,,
Bangladesh,2016,24.3,14.5,52.5,2016,2016,32.4,3.7,8.6,12.4,16.1,21.4,41.4,26.8,2010,2016,1.4,1.5,1.9,2,3.5,3.9
Ghana,2016,23.4,0.9,1.6,2017,2016,43.5,1.6,4.7,9.6,14.8,22.3,48.6,32.2,2012,2016,-0.2,1.3,2.4,2.4,6.3,6.6
Iceland,2016,10.1,3.6,21.5,2018,2018,37.8,2.9,6.9,10.8,15.2,22.1,44.9,29.3,2004,2011,3.2,3.7,1.4,1.8,2.8,3.6
Liberia,2016,50.9,,,,,,,,,,,,,,,,,,,,
Malawi,2016,51.5,0,0.2,2016,2009,33,3.3,8,12.1,16.2,22.5,41.3,25.7,,,,,,,,
Maldives,2016,8.2,0.2,0.2,2017,,,,,,,,,,2012,2017,3.8,3.7,20.6,24.8,37.7,45.2
Montenegro,2016,23.6,63.7,82.4,2014,2017,30.7,3.8,8.9,13,16.6,21.6,40,25.5,,,,,,,,
Nicaragua,2016,24.9,,,,2017,27,3.3,8.9,14.3,18,22.8,36,21.6,,,,,,,,
Panama,2016,22.1,2.7,8.5,2018,2015,44.4,2.3,5.7,9.3,13.5,20.7,50.9,34.8,2013,2018,2.5,1.5,4.5,5.1,12.7,13.6
Rwanda,2016,38.2,35.6,65.4,2017,,,,,,,,,,,,,,,,,
South Sudan,2016,82.3,,,,2016,51.2,0.9,3.1,7.9,13,20.6,55.4,38.6,,,,,,,,
Sri Lanka,2016,4.1,,,,,,,,,,,,,,,,,,,,
St. Lucia,2016,25,12.2,44,2014,1999,57.6,,,6.3,12.6,19.9,60.2,42.7,,,,,,,,
Uganda,2016,21.4,41.5,69.8,2016,2014,32.5,2.3,6.2,12,18,25.5,38.2,21.4,2012,2016,-2.2,-1,1.4,1.3,3.3,3.2
West Bank and Gaza,2016,29.2,0.8,4.5,2016,2015,57.1,1,2.9,6,10.6,19.3,61.3,44.4,2011,2016,-0.9,-0.6,5.5,5.2,11.2,10.9
Belgium,2017,16.4,0.1,0.2,2017,2017,27.4,3.3,8.7,14.2,18.1,22.7,36.3,21.9,2012,2017,0.4,0.4,27.3,27.9,48,49
Bhutan,2017,8.2,1.5,12.2,2017,2017,37.4,2.7,6.7,10.8,15.5,22.7,44.4,27.9,2012,2017,1.6,1.7,3.5,3.8,8,8.7
Chile,2017,8.6,0.5,5.4,2016,2016,38.5,2.7,6.5,10.7,15.3,22.2,45.3,29.4,2013,2016,8.4,7.1,3.9,5,9.5,11.6
Djibouti,2017,21.1,,,,2017,28.7,3.7,9.1,13.7,17.2,21.9,38,24,2012,2017,1.3,1.7,29,31,50.8,55.3
"Egypt, Arab Rep.",2017,32.5,1.5,7.9,2018,2018,45.4,1.6,4.6,9.2,14,21.2,51,34.4,2013,2018,1.3,0.5,4.5,4.8,13.5,13.8
Eswatini,2017,58.9,,,,2017,30.4,3,8.1,12.8,17,23.7,38.4,22.5,2012,2017,8,7.2,12.1,17.8,24.2,34.3
France,2017,13.4,3.4,11.2,2017,2017,31.6,3.2,8.1,13,16.9,21.9,40,25.8,2012,2017,0.6,0.2,26.7,27.6,52.5,53
Gabon,2017,33.4,4.5,15.5,2018,2017,38,2.2,6,10.8,15.7,23,44.4,27.7,,,,,,,,
Germany,2017,16,,,,2016,31.9,2.9,7.6,12.8,17.1,22.8,39.6,24.6,2011,2016,-0.2,0.8,27.9,27.6,52,54.1
Ireland,2017,14.9,0.2,0.7,2016,2016,39,1.9,5.1,10.6,16.4,23.6,44.2,27.8,,,,,,,,
Italy,2017,20.3,0.7,0.9,2013,2013,32.9,2.9,7.7,12.8,16.6,21.7,41.1,26.4,,,,,,,,
Kazakhstan,2017,2.5,12.9,34.6,2006,2006,37,2.6,6.6,11.6,16,21.9,44,29.2,,,,,,,,
Lesotho,2017,49.7,,,,,,,,,,,,,,,,,,,,
Luxembourg,2017,18.3,4.6,9,2017,2012,42.6,2.2,5.7,10,14.1,20.7,49.4,33.5,2012,2017,7.1,4.3,3.7,5.3,9.5,11.7
North Macedonia,2017,21.9,70.8,89.6,2016,2015,41,2.3,5.8,10.1,14.8,22,47.3,31.3,2010,2016,3.1,1.6,0.7,0.8,1.8,2
Mauritius,2017,10.3,15.4,38.7,2013,2018,25.7,4.4,10.2,14.2,17.5,22.1,36,22,,,,,,,,
Myanmar,2017,24.8,15,50.8,2010,2017,28.5,3.5,8.8,13.8,17.5,22.3,37.6,23.3,,,,,,,,
Norway,2017,12.9,,,,2018,49.2,1.2,3.6,8.3,13.4,21.2,53.6,37.1,,,,,,,,
Sao Tome and Principe,2017,66.7,5.4,8.9,2017,2013,46.8,1.9,5.4,9.8,13.3,18.4,53,39.9,2013,2017,3.9,1.5,4.3,5,11.4,12.1
Serbia,2017,24.3,,,,,,,,,,,,,,,,,,,,
Slovak Republic,2017,12.2,,,,2014,63,0.9,2.4,4.8,8.2,16.5,68.2,50.5,,,,,,,,
Switzerland,2017,14.6,,,,2017,40.5,2.9,6.9,10.5,14.2,20.4,48.1,33.1,,,,,,,,
United Kingdom,2017,18.6,0.2,0.3,2016,2018,39.7,2.3,5.9,10.4,15.3,22.5,45.9,29.7,2011,2016,1.8,2.4,21.2,23.1,43.8,49.4
Angola,2018,32.3,51.8,73.2,2018,2018,51.3,1.3,3.8,7.7,12.6,20.4,55.6,39.6,,,,,,,,
Armenia,2018,23.5,1.4,9.4,2018,2018,34.4,3.3,8.1,12.2,15.9,20.8,43,29.2,2013,2018,1.3,2.4,3.7,3.9,6.8,7.7
Austria,2018,13.3,0.3,0.4,2017,2017,29.7,3,8,13.3,17.8,23.1,37.8,23,2012,2017,1.4,1.2,28.2,30.3,53.5,56.8
Belarus,2018,5.6,0,0,2018,2018,25.2,4.3,10.1,14.4,17.8,22.3,35.5,21.4,2013,2018,0.7,0,11.9,12.3,20.2,20.2
Bolivia,2018,34.6,4.5,10.5,2018,2018,42.2,1.5,4.6,10.1,15.3,22.9,47.2,30.4,2013,2018,1.8,-1.7,4.4,4.8,14.3,13.1
Bulgaria,2018,22.6,43.8,76.7,2014,2014,35.3,3.6,8.3,11.7,15,20.6,44.3,29.6,,,,,,,,
Burkina Faso,2018,41.4,72.8,89.6,2013,2013,38.6,2.8,6.9,11,15,20.8,46.3,31,,,,,,,,
Chad,2018,42.3,,,,,,,,,,,,,,,,,,,,
Colombia,2018,27,19.1,39.7,2014,,,,,,,,,,,,,,,,,
Cote d'Ivoire,2018,39.5,0.5,1.1,2017,2018,48,1.5,4.3,8.5,13,20.9,53.3,36.3,2013,2018,1.4,0.6,6.9,7.4,22.4,23.1
Croatia,2018,18.3,,,,2015,41.5,2.1,5.7,10.2,14.6,21.6,47.8,31.9,,,,,,,,
Cyprus,2018,14.7,0,0.1,2017,,,,,,,,,,,,,,,,,
Czech Republic,2018,10.1,0.1,0.2,2017,2017,31.4,3.4,8.4,12.9,16.7,21.9,40.2,25.5,2012,2017,0.3,-0.8,22.4,22.8,44.6,42.9
Denmark,2018,12.5,17,39.8,2017,2017,24.9,4.2,10.2,14.7,17.7,22,35.4,21.5,2012,2017,3.5,2.8,16.3,19.4,27.1,31.2
Estonia,2018,21.7,32.6,70.5,2015,,,,,,,,,,,,,,,,,
Finland,2018,11.6,,,,2017,27.4,3.8,9.4,14,17.4,22.4,36.9,22.6,2012,2017,0.6,0.7,29.1,29.9,49.7,51.4
Greece,2018,17.9,,,,,,,,,,,,,2012,2017,1.8,0.1,9.5,10.4,22.1,22.2
Guinea,2018,43.7,11.7,25.2,1998,2010,50.7,1.6,4.5,8.3,12.2,18.3,56.7,42,,,,,,,,
Honduras,2018,48.3,0.6,1.2,2017,2017,30.6,3,7.9,13.2,17.6,22.8,38.5,23.9,2013,2018,1.3,1.7,2.1,2.2,7.8,8.5
Hungary,2018,12.3,22.5,61.7,2011,2011,35.7,3.5,8.1,11.7,15.2,20.5,44.4,30.1,2010,2015,3.2,3.3,26.7,31.2,44.9,52.8
Indonesia,2018,9.8,1.7,14.8,2012,2012,29.5,3.7,8.8,13.1,17.1,22.5,38.5,23.7,2014,2017,-0.1,1.9,6.6,6.6,15.4,16.2
Jordan,2018,15.7,37.1,66.5,2015,2015,40.8,2.4,6.2,10.3,14.6,21.5,47.5,31.6,2012,2017,0,-0.6,6.9,6.9,12.2,11.8
Kyrgyz Republic,2018,22.4,0.8,1.5,2017,2017,35.6,2.3,6.7,11.7,16.4,22.8,42.4,26.9,,,,,,,,
Lao PDR,2018,18.3,0,0.1,2011,2011,31.8,3.1,7.9,12.7,17,22.5,40,24.8,2012,2017,7.9,8.2,8.3,12.1,17.9,26.6
Latvia,2018,22.9,27.8,50.3,2017,2017,44.9,1.7,4.6,8.9,14.2,22.6,49.8,32.9,,,,,,,,
Lithuania,2018,20.6,,,,2017,34.2,1.7,5.6,12.3,17.9,24.4,39.7,23.8,2012,2017,3,3.7,33.8,39.1,71.6,85.6
Malaysia,2018,5.6,50.3,79.8,2009,2017,29.2,3.4,8.5,13.4,17.6,22.5,38,23.3,,,,,,,,
Malta,2018,17.1,6,24.1,2014,2017,36.8,2.9,7.2,11.6,15.5,21.1,44.6,29.9,,,,,,,,
Mexico,2018,41.9,0,0.9,2018,,,,,,,,,,2013,2018,1.9,0.3,5.5,6,9.7,9.8
Moldova,2018,23,0.5,5.2,2018,2015,39,1.8,5.2,10.7,16.3,23.5,44.3,27.7,2011,2018,1,0.7,4.4,4.7,8.9,9.3
Mongolia,2018,28.4,0.9,7.3,2013,2014,54,1.6,4.2,7.6,11.2,17.4,59.5,45.5,,,,,,,,
Netherlands,2018,13.2,3.4,13.1,2014,2014,34.3,3.2,7.8,11.8,16,22,42.4,27,,,,,,,,
Niger,2018,40.8,0.3,0.3,2017,,,,,,,,,,2012,2017,0.4,1,38.9,39.8,65.7,69.1
Nigeria,2018,40.1,,,,2015,33.5,3.9,8.9,12.2,15.6,20.5,42.8,28.9,,,,,,,,
Paraguay,2018,24.2,0.3,0.6,2017,2017,33.8,2.7,7.4,12.4,16.5,22.1,41.6,26.7,2012,2017,6,4,11.2,15,22.8,27.8
Poland,2018,15.4,,,,2017,36,1.6,5.3,11.7,17.4,24.7,41,24.9,,,,,,,,
Portugal,2018,17.2,3.1,6.3,2017,2018,37.5,2.9,7.1,11.2,15.2,21.4,45.1,29.9,2012,2017,10,10,4.2,6.8,10.1,16.3
Romania,2018,23.8,1.1,9.6,2013,,,,,,,,,,,,,,,,,
Russian Federation,2018,12.9,,,,2017,56.3,1.3,3.9,7.6,11.1,16.1,61.2,49.1,,,,,,,,
Sierra Leone,2018,56.8,1.3,1.8,2016,2017,24.2,4.1,10,14.8,18.3,22.5,34.4,20.4,2011,2016,-0.6,-1.1,14,13.6,24.3,23
Slovenia,2018,12,18.7,37.3,2014,2009,46.3,1.3,3.9,8.6,14.2,22.8,50.5,33.2,,,,,,,,
Spain,2018,20.7,4.6,10.2,2016,,,,,,,,,,,,,,,,,
Sweden,2018,17.1,1.7,15.3,2004,2015,34,3,7.4,12,16.4,22.4,41.7,26.4,,,,,,,,
Tanzania,2018,26.4,0,0.5,2018,2015,43.1,1.9,5,9.5,14.4,22.4,48.6,31.6,2014,2018,1.5,1.2,6.7,7.1,14.8,15.5
Thailand,2018,9.9,22,65.9,2014,2015,37.6,2.8,6.8,11.4,15.2,21.2,45.4,29.7,,,,,,,,
Turkey,2018,14.4,49,76.1,1998,2010,39.1,2.7,6.6,10.8,15,21.3,46.4,30.7,,,,,,,,
Ukraine,2018,1.3,0,0.4,2018,2016,34.8,2.8,7.1,11.9,16.4,22.5,42,26.8,2013,2018,-0.6,0.1,8.5,8.2,13.6,13.7
Vietnam,2018,6.7,1.9,6.8,2018,2016,33.7,2.9,7.3,11.9,16.6,23.2,41.1,25.2,2012,2018,4.9,5,3.7,4.9,7.9,10.6
Argentina,2019,35.5,1.3,3.9,2018,2018,41.4,1.8,5,9.9,15.4,23.2,46.5,29.9,2013,2018,-1.6,-1.6,7.7,7.1,20.6,19
Benin,2019,38.5,49.6,76.3,2015,2015,47.8,1,3.2,9.6,14.2,20.8,52.1,37.6,2011,2015,-5.2,0.1,1.1,0.9,2.7,2.7
China,2019,0.6,4.2,11.1,2018,,,,,,,,,,,,,,,,,
Costa Rica,2019,21,29.8,59.1,2015,2011,48.9,1.6,4.2,8.2,13.2,20.7,53.7,37.9,,,,,,,,
Dominican Republic,2019,21,3.3,9.7,2018,,,,,,,,,,,,,,,,,
Ecuador,2019,25,3.8,28.9,2017,2018,43.7,2.3,5.8,9.8,13.9,20.4,50.1,35.2,2011,2016,5.2,4.3,4.2,5.4,12.6,15.5
El Salvador,2019,22.8,,,,2017,31.5,3.8,9,12.8,16.2,21,41,26.9,2012,2017,-2.5,-1.1,3.2,2.8,5.4,5.1
Georgia,2019,19.5,13,30.1,2016,2018,36.4,2.4,6.5,11.5,16.2,22.6,43.2,27.5,2013,2018,2.7,1.4,3,3.5,7.2,7.7
Mali,2019,42.1,,,,2014,32.6,3,7.5,12.4,16.9,23,40.2,24.9,,,,,,,,
Peru,2019,20.2,0.4,0.7,2017,,,,,,,,,,2012,2017,3.3,2,11.9,14,25.6,28.3
Tajikistan,2019,26.3,49.4,76.8,2017,2014,28.7,4,9.4,13.4,16.9,21.8,38.4,24,2011,2018,-0.2,0.9,1.2,1.2,2.6,2.7
Uruguay,2019,8.8,0.1,0.4,2018,2010,37.6,2.7,6.7,11.1,15.5,21.8,44.8,29.4,2013,2018,2,1.4,10,11.1,25.2,27.1
Zimbabwe,2019,38.3,33.9,61,2017,,,,,,,,,,2011,2017,-3.8,-3.5,1.9,1.5,4.9,3.9
American Samoa,,,,,,,,,,,,,,,,,,,,,,
Andorra,,,,,,,,,,,,,,,,,,,,,,
Antigua and Barbuda,,,,,,,,,,,,,,,,,,,,,,
Aruba,,,,,,,,,,,,,,,,,,,,,,
Australia,,,0.5,0.7,2014,2014,34.4,2.8,7.4,12.2,16.1,22.1,42.1,27,,,,,,,,
"Bahamas, The",,,,,,,,,,,,,,,,,,,,,,
Bahrain,,,,,,,,,,,,,,,,,,,,,,
Barbados,,,,,,,,,,,,,,,,,,,,,,
Belize,,,13.9,27.7,1999,1999,53.3,0.9,3.2,7.7,12,19.4,57.7,42.4,,,,,,,,
Bermuda,,,,,,,,,,,,,,,,,,,,,,
Brazil,,,4.4,9.1,2018,2018,53.9,1,3.1,7.3,12,19.2,58.4,42.5,2013,2018,-0.4,0.7,5.6,5.5,20.3,21
British Virgin Islands,,,,,,,,,,,,,,,,,,,,,,
Brunei Darussalam,,,1.4,3.3,2017,2017,40.4,1.9,5.7,11,15.4,21.3,46.6,31.9,2009,2014,0.4,2.1,7.9,8,16.3,18
Canada,,,,,,,,,,,,,,,,,,,,,,
Cayman Islands,,,65.9,82.9,2008,2008,56.2,1.2,3.3,7,11.1,17.7,60.8,46.2,,,,,,,,
Channel Islands,,,0.3,0.7,2017,2017,44.4,2.3,5.8,9.7,13.6,19.7,51.3,36.3,2013,2017,4.9,3.8,8.1,9.8,21.9,25.5
Cuba,,,,,,2017,30.4,2.7,7.4,13.3,18,23.4,37.9,22.8,2012,2017,5.5,4.3,8.7,11.4,17.8,21.9
Curacao,,,0,0.1,2017,,,,,,,,,,,,,,,,,
Dominica,,,0.4,2.6,2018,2017,41.6,1.9,5.4,10.4,15.1,21.5,47.6,32.3,,,,,,,,
Faroe Islands,,,0.1,0.1,2017,,,,,,,,,,,,,,,,,
French Polynesia,,,10.3,38.4,2015,,,,,,,,,,,,,,,,,
Gibraltar,,,,,,2017,34.4,2.4,6.6,12.3,17.1,23,41.1,25.9,,,,,,,,
Greenland,,,,,,,,,,,,,,,,,,,,,,
Grenada,,,8.8,24.4,2014,,,,,,,,,,,,,,,,,
Guam,,,36.1,70.9,2012,2014,48.3,1.7,4.5,8.6,13.2,20.1,53.6,38,,,,,,,,
Guyana,,,16.9,30.6,2018,2012,41.1,2.1,5.5,10.3,15.2,21.9,47.1,31.2,,,,,,,,
"Hong Kong SAR, China",,,0,0,2015,2015,26.8,3.9,9.5,14.2,17.7,22.2,36.5,22.5,2012,2017,4.8,4.6,9.8,12.4,18.8,23.6
"Iran, Islamic Rep.",,,0.1,0.4,2016,2016,32.8,3.1,7.9,12.6,16.3,22,41.2,25.9,,,,,,,,
Isle of Man,,,1.4,1.8,2017,2017,35.9,1.9,6,12,17,23,42.1,26.7,2010,2016,4.2,2.6,11.2,14.3,31.3,36.4
Israel,,,1.7,8.9,2004,2004,45.5,2.1,5.3,9.2,13.2,20.7,51.6,35.8,2012,2017,0.5,1,18.6,19,40.4,42.5
Japan,,,0,0.3,2017,2017,27.5,4.3,9.8,13.6,17.1,22.1,37.4,23,,,,,,,,
"Korea, Dem. Peoples Rep.",,,0.4,3.6,2017,2017,29,3.8,9.2,13.6,17,21.6,38.6,24.6,,,,,,,,
"Korea, Rep.",,,,,,,,,,,,,,,2012,2017,2.4,1.9,4.4,5,8,8.8
Kuwait,,,21.2,56.8,2012,2012,36.4,3.2,7.6,11.5,15.3,21,44.6,29.8,2013,2018,3.2,2.4,3.1,3.6,5.4,6.1
Libya,,,1,1.5,2017,2017,37.3,2.1,6.3,11.6,15.9,22.3,44,28.4,,,,,,,,
Liechtenstein,,,0.3,0.4,2017,2017,34.9,2.4,6.5,11.9,16.8,23.3,41.5,25.8,2012,2017,6.3,7.4,9.4,12.8,20,28.7
"Macao SAR, China",,,77.4,90.9,2012,2016,44.7,2.6,6.4,9.8,13.3,18.8,51.7,38.1,,,,,,,,
Marshall Islands,,,0.2,2.2,2017,2018,45.4,2,5.4,9.5,13.5,20,51.7,36.4,2012,2017,2.7,2,5.6,6.4,12.3,13.6
Monaco,,,1.4,8,2015,2013,39.5,2.7,6.7,10.7,14.7,20.9,47,31.9,2012,2015,4.7,1.4,4.8,5.6,13.5,14
Nauru,,,,,,,,,,,,,,,,,,,,,,
New Caledonia,,,45.4,77.2,2014,2018,35.1,2.9,7.1,11.6,16.2,22.7,42.4,26.7,,,,,,,,
New Zealand,,,39.1,71,2018,,,,,,,,,,,,,,,,,
Northern Mariana Islands,,,4,35.1,2015,,,,,,,,,,2010,2015,2.7,4.3,2.3,2.6,4,4.9
Oman,,,1.7,5.2,2018,2009,41.9,1.9,5.1,10,15.2,22.4,47.3,31,2013,2018,5.3,3.9,5.9,7.7,21.4,25.9
Puerto Rico,,,0,0.4,2018,2016,43.7,2.4,6,9.8,13.6,19.8,50.8,35.6,2013,2018,-0.4,-2.3,9.3,9.1,22.4,19.9
Qatar,,,56.5,80.3,2016,2013,38.7,2.7,6.8,11.1,14.9,20.8,46.3,31.3,2013,2016,0.3,-0.2,1,1,2.6,2.5
San Marino,,,38.5,68.4,2011,2017,36.2,1.4,5.2,12.1,17.4,23.8,41.5,25.6,,,,,,,,
Saudi Arabia,,,1.2,3.1,2013,2018,35.7,3.4,7.9,11.7,15.3,21,44.2,29.4,,,,,,,,
Singapore,,,0,0,2017,2013,37.1,2.8,7,11.4,15.5,21.5,44.6,29.2,2012,2017,2.2,1.5,19.9,22.2,33.2,35.8
Sint Maarten (Dutch part),,,25.1,58.8,2013,,,,,,,,,,,,,,,,,
Somalia,,,0.7,1.1,2017,2016,39.8,2.9,7,10.7,14.5,20.3,47.5,32.9,2012,2017,1.8,1.1,15.8,17.3,35.7,37.8
St. Kitts and Nevis,,,,,,2014,34.2,3.2,7.8,12.1,16.1,21.6,42.4,27.8,,,,,,,,
St. Martin (French part),,,23.4,42.8,1999,2016,54.6,1.4,3.7,6.8,10.7,18.6,60.3,42.7,,,,,,,,
St. Vincent and the Grenadines,,,29.2,52.1,2016,2017,28.8,3,8.3,13.9,17.6,23.1,37.1,22.3,2009,2016,4.7,6.1,1.1,1.5,3.8,5.7
Suriname,,,0,0,2017,2004,35.8,3.2,7.6,11.6,15.4,21.4,44,28.7,2012,2017,-0.3,0.3,36,35.6,69.4,70.6
Trinidad and Tobago,,,0.2,3,2015,1998,40.8,2.6,6.1,10.1,14.7,21.5,47.5,31.7,2010,2015,5.4,3.4,4.3,5.6,9.5,11.2
Turkmenistan,,,,,,2016,42.8,2.5,6.1,9.8,13.8,20.4,49.8,34.2,,,,,,,,
United Arab Emirates,,,0,0,2014,2016,41.1,1.8,5.2,10.3,15.3,22.5,46.7,30.4,,,,,,,,
United States,,,1,1.2,2016,2003,35.3,2.9,7.4,12,15.8,21.4,43.4,28.3,2010,2016,1.3,1.6,25,27,62.9,69.4
Virgin Islands (U.S.),,,,,,2014,36.7,3,7.3,11.5,15.3,21.2,44.7,29.4,,,,,,,,
